Name,Created,Tags
Binary search,"December 24, 2024 12:54 PM",
Time machine,"December 24, 2024 12:56 PM",
Super SSH,"December 24, 2024 1:04 PM",
endianness,"December 24, 2024 1:32 PM",
Commitment Issues,"December 24, 2024 3:07 PM",
Collaborative Development,"December 24, 2024 3:39 PM",
blame game,"January 15, 2025 7:54 PM",
binary challendge,"January 15, 2025 8:46 PM",
repetitions,"January 15, 2025 11:04 PM",
big zip,"January 15, 2025 11:11 PM",
first find,"January 15, 2025 11:18 PM",
runme.py,"January 15, 2025 11:27 PM",
pwcrack2,"January 15, 2025 11:41 PM",
passcrack 1,"January 15, 2025 11:43 PM",
hashingjobapp,"January 16, 2025 12:01 AM",
glitch cat,"January 16, 2025 12:04 AM",
fixme2,"January 16, 2025 12:08 AM",
fixme,"January 16, 2025 12:12 AM",
convertme,"February 2, 2025 6:12 PM",
codebook,"February 2, 2025 6:13 PM",
"tab,tab,attack","February 2, 2025 6:16 PM",
magikarp ground mission,"February 2, 2025 6:20 PM",
waveaflag,"February 2, 2025 6:22 PM",
pythonwrangling,"February 2, 2025 6:25 PM",
static_aint_always_noise,"February 2, 2025 6:26 PM",
nice netcat,"February 2, 2025 6:36 PM",
obedient_cat,"February 2, 2025 6:41 PM",
2warm,"February 2, 2025 6:46 PM",
first grep,"February 2, 2025 6:48 PM",
bases,"February 2, 2025 6:58 PM",
warmed up,"February 2, 2025 6:58 PM",
stringsit,"February 2, 2025 7:01 PM",
whats a netcat,"February 2, 2025 7:02 PM",
letswarmup,"February 2, 2025 7:27 PM",
doyoulovebanners,"February 4, 2025 11:27 PM",medium
sans alpha,"February 5, 2025 12:55 AM",medium
ascii numbers,"February 5, 2025 8:54 PM",
useless,"February 5, 2025 9:11 PM",
specialer,"February 5, 2025 9:14 PM",
special,"February 5, 2025 10:02 PM",
permissions,"February 5, 2025 10:05 PM",
chrono,"February 5, 2025 10:51 PM",
serpentine,"February 12, 2025 7:40 PM",
pw crack 3,"February 12, 2025 7:45 PM",
pw crack 4,"February 12, 2025 7:49 PM",
pw crack 5,"February 12, 2025 8:02 PM",
flag_shop,"February 12, 2025 8:43 PM",
digital_plumber,"February 12, 2025 8:46 PM",
based,"February 12, 2025 8:47 PM",
mus1c,"February 12, 2025 9:11 PM",